Route,Direction,Service Key,Language,Stop ID,Description,Sequence
1,Inbound,Weekday,en,9630,,10
1,Inbound,Saturday,en,9630,,10
1,Inbound,Sunday,en,9630,,10
1,Inbound,Weekday,en,6374,,20
1,Inbound,Saturday,en,6374,,20
1,Inbound,Sunday,en,6374,,20
1,Inbound,Weekday,en,2227,,30
1,Inbound,Saturday,en,2227,,30
1,Inbound,Sunday,en,2227,,30
1,Inbound,Weekday,en,11813,,40
1,Inbound,Saturday,en,11813,,40
1,Inbound,Sunday,en,11813,,40
1,Inbound,Sunday,en,7626,,50
1,Inbound,Weekday,en,7636,,50
1,Inbound,Saturday,en,7636,,50
1,Outbound,Weekday,en,7789,,10
1,Outbound,Saturday,en,7789,,10
1,Outbound,Sunday,en,7789,,10
1,Outbound,Weekday,en,11814,,20
1,Outbound,Saturday,en,11814,,20
1,Outbound,Sunday,en,11814,,20
1,Outbound,Weekday,en,2226,,30
1,Outbound,Saturday,en,2226,,30
1,Outbound,Sunday,en,2226,,30
1,Outbound,Weekday,en,10611,,40
1,Outbound,Saturday,en,10611,,40
1,Outbound,Sunday,en,10611,,40
1,Outbound,Weekday,en,9630,,50
1,Outbound,Saturday,en,9630,,50
1,Outbound,Sunday,en,9630,,50
10,Inbound,Weekday,en,9368,Columbia River Correctional Facility,1
10,Inbound,Saturday,en,9368,Columbia River Correctional Facility,1
10,Inbound,Sunday,en,9368,Columbia River Correctional Facility,1
10,Inbound,Weekday,en,8304,,2
10,Inbound,Saturday,en,8304,,2
10,Inbound,Sunday,en,8304,,2
10,Inbound,Weekday,en,7382,,3
10,Inbound,Saturday,en,7382,,3
10,Inbound,Sunday,en,7382,,3
10,Inbound,Weekday,en,7374,,4
10,Inbound,Saturday,en,7374,,4
10,Inbound,Sunday,en,7374,,4
10,Inbound,Weekday,en,644,,5
10,Inbound,Saturday,en,644,,5
10,Inbound,Sunday,en,644,,5
10,Inbound,Weekday,en,4044,,6
10,Inbound,Saturday,en,4044,,6
10,Inbound,Sunday,en,4044,,6
10,Inbound,Weekday,en,1098,,7
10,Inbound,Saturday,en,1098,,7
10,Inbound,Sunday,en,1098,,7
10,Inbound,Weekday,en,7627,,8
10,Inbound,Saturday,en,7636,,8
10,Inbound,Sunday,en,7636,,8
10,Outbound,Weekday,en,7800,,2
10,Outbound,Saturday,en,7767,,3
10,Outbound,Sunday,en,7767,,3
10,Outbound,Weekday,en,1097,,5
10,Outbound,Saturday,en,1097,,5
10,Outbound,Sunday,en,1097,,5
10,Outbound,Weekday,en,9305,,6
10,Outbound,Saturday,en,9305,,6
10,Outbound,Sunday,en,9305,,6
10,Outbound,Weekday,en,7392,,7
10,Outbound,Saturday,en,7392,,7
10,Outbound,Sunday,en,7392,,7
10,Outbound,Weekday,en,7373,,8
10,Outbound,Saturday,en,7373,,8
10,Outbound,Sunday,en,7373,,8
10,Outbound,Weekday,en,7383,,9
10,Outbound,Saturday,en,7383,,9
10,Outbound,Sunday,en,7383,,9
10,Outbound,Weekday,en,8303,,10
10,Outbound,Saturday,en,8303,,10
10,Outbound,Sunday,en,8303,,10
10,Outbound,Weekday,en,9368,Columbia River Correctional Facility,11
10,Outbound,Saturday,en,9368,Columbia River Correctional Facility,11
10,Outbound,Sunday,en,9368,Columbia River Correctional Facility,11
100,Inbound,Weekday,en,8359,,10
100,Inbound,Saturday,en,8359,,10
100,Inbound,Sunday,en,8359,,10
100,Inbound,Weekday,en,8362,,30
100,Inbound,Saturday,en,8362,,30
100,Inbound,Sunday,en,8362,,30
100,Inbound,Weekday,en,8363,,40
100,Inbound,Saturday,en,8363,,40
100,Inbound,Sunday,en,8363,,40
100,Inbound,Weekday,en,8370,,60
100,Inbound,Saturday,en,8370,,60
100,Inbound,Sunday,en,8370,,60
100,Inbound,Weekday,en,8373,,70
100,Inbound,Saturday,en,8373,,70
100,Inbound,Sunday,en,8373,,70
100,Inbound,Weekday,en,8374,,80
100,Inbound,Saturday,en,8374,,80
100,Inbound,Sunday,en,8374,,80
100,Inbound,Weekday,en,8377,,90
100,Inbound,Saturday,en,8377,,90
100,Inbound,Sunday,en,8377,,90
100,Inbound,Weekday,en,8378,,100
100,Inbound,Saturday,en,8378,,100
100,Inbound,Sunday,en,8378,,100
100,Inbound,Weekday,en,8383,,110
100,Inbound,Saturday,en,8383,,110
100,Inbound,Sunday,en,8383,,110
100,Inbound,Weekday,en,10117,,120
100,Inbound,Saturday,en,10117,,120
100,Inbound,Sunday,en,10117,,120
100,Inbound,Weekday,en,10121,,130
100,Inbound,Saturday,en,10121,,130
100,Inbound,Sunday,en,10121,,130
100,Inbound,Weekday,en,9624,,140
100,Inbound,Saturday,en,9624,,140
100,Inbound,Sunday,en,9624,,140
100,Inbound,Weekday,en,9818,,150
100,Inbound,Saturday,en,9818,,150
100,Inbound,Sunday,en,9818,,150
100,Inbound,Weekday,en,9827,,160
100,Inbound,Saturday,en,9827,,160
100,Inbound,Sunday,en,9827,,160
100,Inbound,Weekday,en,9829,,170
100,Inbound,Saturday,en,9829,,170
100,Inbound,Sunday,en,9829,,170
100,Inbound,Weekday,en,9832,,180
100,Inbound,Saturday,en,9832,,180
100,Inbound,Sunday,en,9832,,180
100,Inbound,Weekday,en,9837,,190
100,Inbound,Saturday,en,9837,,190
100,Inbound,Sunday,en,9837,,190
100,Inbound,Weekday,en,9848,,200
100,Inbound,Saturday,en,9848,,200
100,Inbound,Sunday,en,9848,,200
100,Outbound,Weekday,en,9848,,10
100,Outbound,Saturday,en,9848,,10
100,Outbound,Sunday,en,9848,,10
100,Outbound,Weekday,en,9838,,20
100,Outbound,Saturday,en,9838,,20
100,Outbound,Sunday,en,9838,,20
100,Outbound,Weekday,en,9831,,30
100,Outbound,Saturday,en,9831,,30
100,Outbound,Sunday,en,9831,,30
100,Outbound,Weekday,en,9830,,40
100,Outbound,Saturday,en,9830,,40
100,Outbound,Sunday,en,9830,,40
100,Outbound,Weekday,en,9828,,50
100,Outbound,Saturday,en,9828,,50
100,Outbound,Sunday,en,9828,,50
100,Outbound,Weekday,en,9821,,60
100,Outbound,Saturday,en,9821,,60
100,Outbound,Sunday,en,9821,,60
100,Outbound,Weekday,en,9969,,70
100,Outbound,Saturday,en,9969,,70
100,Outbound,Sunday,en,9969,,70
100,Outbound,Weekday,en,10120,,80
100,Outbound,Saturday,en,10120,,80
100,Outbound,Sunday,en,10120,,80
100,Outbound,Weekday,en,10118,,90
100,Outbound,Saturday,en,10118,,90
100,Outbound,Sunday,en,10118,,90
100,Outbound,Weekday,en,8334,,100
100,Outbound,Saturday,en,8334,,100
100,Outbound,Sunday,en,8334,,100
100,Outbound,Weekday,en,8339,,110
100,Outbound,Saturday,en,8339,,110
100,Outbound,Sunday,en,8339,,110
100,Outbound,Weekday,en,8340,,120
100,Outbound,Saturday,en,8340,,120
100,Outbound,Sunday,en,8340,,120
100,Outbound,Weekday,en,8343,,130
100,Outbound,Saturday,en,8343,,130
100,Outbound,Sunday,en,8343,,130
100,Outbound,Weekday,en,8344,,140
100,Outbound,Saturday,en,8344,,140
100,Outbound,Sunday,en,8344,,140
100,Outbound,Weekday,en,8347,,150
100,Outbound,Saturday,en,8347,,150
100,Outbound,Sunday,en,8347,,150
100,Outbound,Weekday,en,8354,,170
100,Outbound,Saturday,en,8354,,170
100,Outbound,Sunday,en,8354,,170
100,Outbound,Weekday,en,8355,,180
100,Outbound,Saturday,en,8355,,180
100,Outbound,Sunday,en,8355,,180
100,Outbound,Weekday,en,8359,,200
100,Outbound,Saturday,en,8359,,200
100,Outbound,Sunday,en,8359,,200
10090,Inbound,Weekday,en,8359,,10
10090,Inbound,Saturday,en,8359,,10
10090,Inbound,Sunday,en,8359,,10
10090,Inbound,Weekday,en,8362,,20
10090,Inbound,Saturday,en,8362,,20
10090,Inbound,Sunday,en,8362,,20
10090,Inbound,Weekday,en,8363,,30
10090,Inbound,Saturday,en,8363,,30
10090,Inbound,Sunday,en,8363,,30
10090,Inbound,Weekday,en,10579,,40
10090,Inbound,Saturday,en,10579,,40
10090,Inbound,Sunday,en,10579,,40
10090,Inbound,Weekday,en,10573,,50
10090,Inbound,Saturday,en,10573,,50
10090,Inbound,Sunday,en,10573,,50
10090,Inbound,Weekday,en,8370,,60
10090,Inbound,Saturday,en,8370,,60
10090,Inbound,Sunday,en,8370,,60
10090,Inbound,Weekday,en,8373,,70
10090,Inbound,Saturday,en,8373,,70
10090,Inbound,Sunday,en,8373,,70
10090,Inbound,Weekday,en,8377,,90
10090,Inbound,Saturday,en,8377,,90
10090,Inbound,Sunday,en,8377,,90
10090,Inbound,Weekday,en,8378,,100
10090,Inbound,Saturday,en,8378,,100
10090,Inbound,Sunday,en,8378,,100
10090,Inbound,Weekday,en,8383,,110
10090,Inbound,Saturday,en,8383,,110
10090,Inbound,Sunday,en,8383,,110
10090,Inbound,Weekday,en,10117,,120
10090,Inbound,Saturday,en,10117,,120
10090,Inbound,Sunday,en,10117,,120
10090,Inbound,Weekday,en,10121,,130
10090,Inbound,Saturday,en,10121,,130
10090,Inbound,Sunday,en,10121,,130
10090,Inbound,Weekday,en,9624,,140
10090,Inbound,Saturday,en,9624,,140
10090,Inbound,Sunday,en,9624,,140
10090,Inbound,Weekday,en,9818,,150
10090,Inbound,Saturday,en,9818,,150
10090,Inbound,Sunday,en,9818,,150
10090,Inbound,Weekday,en,9827,,160
10090,Inbound,Saturday,en,9827,,160
10090,Inbound,Sunday,en,9827,,160
10090,Inbound,Weekday,en,9829,,170
10090,Inbound,Saturday,en,9829,,170
10090,Inbound,Sunday,en,9829,,170
10090,Inbound,Weekday,en,9832,,180
10090,Inbound,Saturday,en,9832,,180
10090,Inbound,Sunday,en,9832,,180
10090,Inbound,Weekday,en,9837,,190
10090,Inbound,Saturday,en,9837,,190
10090,Inbound,Sunday,en,9837,,190
10090,Inbound,Weekday,en,9848,,200
10090,Inbound,Saturday,en,9848,,200
10090,Inbound,Sunday,en,9848,,200
10090,Outbound,Weekday,en,9848,,10
10090,Outbound,Saturday,en,9848,,10
10090,Outbound,Sunday,en,9848,,10
10090,Outbound,Weekday,en,9838,,20
10090,Outbound,Saturday,en,9838,,20
10090,Outbound,Sunday,en,9838,,20
10090,Outbound,Weekday,en,9831,,30
10090,Outbound,Saturday,en,9831,,30
10090,Outbound,Sunday,en,9831,,30
10090,Outbound,Weekday,en,9830,,40
10090,Outbound,Saturday,en,9830,,40
10090,Outbound,Sunday,en,9830,,40
10090,Outbound,Weekday,en,9828,,50
10090,Outbound,Saturday,en,9828,,50
10090,Outbound,Sunday,en,9828,,50
10090,Outbound,Weekday,en,9821,,60
10090,Outbound,Saturday,en,9821,,60
10090,Outbound,Sunday,en,9821,,60
10090,Outbound,Weekday,en,9969,,70
10090,Outbound,Saturday,en,9969,,70
10090,Outbound,Sunday,en,9969,,70
10090,Outbound,Weekday,en,10120,,80
10090,Outbound,Saturday,en,10120,,80
10090,Outbound,Sunday,en,10120,,80
10090,Outbound,Weekday,en,10118,,90
10090,Outbound,Saturday,en,10118,,90
10090,Outbound,Sunday,en,10118,,90
10090,Outbound,Weekday,en,8334,,100
10090,Outbound,Saturday,en,8334,,100
10090,Outbound,Sunday,en,8334,,100
10090,Outbound,Weekday,en,8339,,110
10090,Outbound,Saturday,en,8339,,110
10090,Outbound,Sunday,en,8339,,110
10090,Outbound,Weekday,en,8340,,120
10090,Outbound,Saturday,en,8340,,120
10090,Outbound,Sunday,en,8340,,120
10090,Outbound,Weekday,en,8344,,130
10090,Outbound,Saturday,en,8344,,130
10090,Outbound,Sunday,en,8344,,130
10090,Outbound,Weekday,en,8347,,140
10090,Outbound,Saturday,en,8347,,140
10090,Outbound,Sunday,en,8347,,140
10090,Outbound,Weekday,en,10572,,150
10090,Outbound,Saturday,en,10572,,150
10090,Outbound,Sunday,en,10572,,150
10090,Outbound,Weekday,en,10579,PDX,160
10090,Outbound,Saturday,en,10579,PDX,160
10090,Outbound,Sunday,en,10579,PDX,160
10090,Outbound,Weekday,en,8354,,170
10090,Outbound,Saturday,en,8354,,170
10090,Outbound,Sunday,en,8354,,170
10090,Outbound,Weekday,en,8355,,180
10090,Outbound,Saturday,en,8355,,180
10090,Outbound,Sunday,en,8355,,180
10090,Outbound,Weekday,en,8359,,200
10090,Outbound,Saturday,en,8359,,200
10090,Outbound,Sunday,en,8359,,200
101,Inbound,Weekday,en,6029,,1
101,Inbound,Saturday,en,6029,,1
101,Inbound,Sunday,en,6029,,1
101,Inbound,Weekday,en,4104,,2
101,Inbound,Sunday,en,4104,,2
101,Inbound,Weekday,en,863,,3
101,Inbound,Saturday,en,863,,3
101,Inbound,Sunday,en,863,,3
101,Inbound,Weekday,en,6045,,4
101,Inbound,Saturday,en,6045,,4
101,Inbound,Sunday,en,6045,,4
101,Inbound,Weekday,en,6025,,5
101,Inbound,Saturday,en,6025,,5
101,Inbound,Sunday,en,6025,,5
101,Inbound,Weekday,en,11211,,6
101,Inbound,Saturday,en,11211,,6
101,Inbound,Sunday,en,11211,,6
101,Inbound,Weekday,en,654,,7
101,Inbound,Saturday,en,654,,7
101,Inbound,Sunday,en,654,,7
101,Inbound,Weekday,en,7789,,8
101,Inbound,Saturday,en,7789,,8
101,Inbound,Sunday,en,7789,,8
101,Outbound,Weekday,en,7636,,1
101,Outbound,Saturday,en,7636,,1
101,Outbound,Sunday,en,7636,,1
101,Outbound,Weekday,en,7588,,3
101,Outbound,Saturday,en,7588,,3
101,Outbound,Sunday,en,7588,,3
101,Outbound,Weekday,en,199,,4
101,Outbound,Saturday,en,199,,4
101,Outbound,Sunday,en,199,,4
101,Outbound,Weekday,en,6026,,5
101,Outbound,Saturday,en,6026,,5
101,Outbound,Sunday,en,6026,,5
101,Outbound,Weekday,en,6029,,6
101,Outbound,Saturday,en,6029,,6
101,Outbound,Sunday,en,6029,,6
101,Outbound,Weekday,en,863,,7
101,Outbound,Saturday,en,863,,7
101,Outbound,Sunday,en,863,,7
101,Outbound,Weekday,en,4104,,8
101,Outbound,Sunday,en,4104,,8
101,Outbound,Weekday,en,6045,,9
101,Outbound,Saturday,en,6045,,9
101,Outbound,Sunday,en,6045,,9
104,Inbound,Weekday,en,2253,,1
104,Inbound,Saturday,en,2253,,1
104,Inbound,Sunday,en,2253,,1
104,Inbound,Weekday,en,1428,,2
104,Inbound,Saturday,en,1428,,2
104,Inbound,Sunday,en,1428,,2
104,Inbound,Weekday,en,1399,,3
104,Inbound,Saturday,en,1399,,3
104,Inbound,Sunday,en,1399,,3
104,Inbound,Weekday,en,1381,,4
104,Inbound,Saturday,en,1381,,4
104,Inbound,Sunday,en,1381,,4
104,Inbound,Weekday,en,1499,,5
104,Inbound,Saturday,en,1499,,5
104,Inbound,Sunday,en,1499,,5
104,Inbound,Weekday,en,1459,,6
104,Inbound,Saturday,en,1459,,6
104,Inbound,Sunday,en,1459,,6
104,Inbound,Weekday,en,1376,,7
104,Inbound,Saturday,en,1376,,7
104,Inbound,Sunday,en,1376,,7
104,Inbound,Weekday,en,7789,,8
104,Inbound,Saturday,en,7789,,8
104,Inbound,Sunday,en,7789,,8
104,Outbound,Weekday,en,7631,,2
104,Outbound,Saturday,en,7631,,2
104,Outbound,Sunday,en,7631,,2
104,Outbound,Weekday,en,1375,,4
104,Outbound,Saturday,en,1375,,4
104,Outbound,Sunday,en,1375,,4
104,Outbound,Weekday,en,1458,,5
104,Outbound,Saturday,en,1458,,5
104,Outbound,Sunday,en,1458,,5
104,Outbound,Weekday,en,1497,,6
104,Outbound,Saturday,en,1497,,6
104,Outbound,Sunday,en,1497,,6
104,Outbound,Weekday,en,1379,,7
104,Outbound,Saturday,en,1379,,7
104,Outbound,Sunday,en,1379,,7
104,Outbound,Weekday,en,1398,,8
104,Outbound,Saturday,en,1398,,8
104,Outbound,Sunday,en,1398,,8
104,Outbound,Weekday,en,1427,,9
104,Outbound,Saturday,en,1427,,9
104,Outbound,Sunday,en,1427,,9
104,Outbound,Weekday,en,2253,,10
104,Outbound,Saturday,en,2253,,10
104,Outbound,Sunday,en,2253,,10
108,Inbound,Weekday,en,5975,,10
108,Inbound,Saturday,en,5975,,10
108,Inbound,Sunday,en,5975,,10
108,Inbound,Weekday,en,5028,,15
108,Inbound,Saturday,en,5028,,15
108,Inbound,Sunday,en,5028,,15
108,Inbound,Weekday,en,7749,,20
108,Inbound,Saturday,en,7749,,20
108,Inbound,Sunday,en,7749,,20
108,Inbound,Weekday,en,7767,,30
108,Inbound,Saturday,en,7767,,30
108,Inbound,Sunday,en,7767,,30
108,Outbound,Weekday,en,7626,,10
108,Outbound,Saturday,en,7626,,10
108,Outbound,Sunday,en,7626,,10
108,Outbound,Weekday,en,7755,,20
108,Outbound,Saturday,en,7755,,20
108,Outbound,Sunday,en,7755,,20
108,Outbound,Weekday,en,5975,,30
108,Outbound,Saturday,en,5975,,30
108,Outbound,Sunday,en,5975,,30
108,Outbound,Weekday,en,5028,,40
108,Outbound,Saturday,en,5028,,40
108,Outbound,Sunday,en,5028,,40
109,Inbound,Weekday,en,8198,,1
109,Inbound,Saturday,en,8198,,1
109,Inbound,Sunday,en,8198,,1
109,Inbound,Weekday,en,4617,,2
109,Inbound,Saturday,en,4617,,2
109,Inbound,Sunday,en,4617,,2
109,Inbound,Weekday,en,4572,,3
109,Inbound,Saturday,en,4572,,3
109,Inbound,Sunday,en,4572,,3
109,Inbound,Weekday,en,4543,,4
109,Inbound,Saturday,en,4543,,4
109,Inbound,Sunday,en,4543,,4
109,Inbound,Weekday,en,4695,,6
109,Inbound,Saturday,en,4695,,6
109,Inbound,Sunday,en,4695,,6
109,Inbound,Weekday,en,4668,,7
109,Inbound,Saturday,en,4668,,7
109,Inbound,Sunday,en,4668,,7
109,Inbound,Weekday,en,4653,,8
109,Inbound,Saturday,en,4653,,8
109,Inbound,Sunday,en,4653,,8
109,Inbound,Weekday,en,4538,,9
109,Inbound,Saturday,en,4538,,9
109,Inbound,Sunday,en,4538,,9
109,Inbound,Weekday,en,143,,10
109,Inbound,Saturday,en,143,,10
109,Inbound,Sunday,en,143,,10
109,Inbound,Weekday,en,7767,,11
109,Inbound,Saturday,en,7767,,11
109,Inbound,Sunday,en,7767,,11
109,Outbound,Weekday,en,7631,,2
109,Outbound,Saturday,en,7631,,2
109,Outbound,Sunday,en,7631,,2
109,Outbound,Weekday,en,142,,4
109,Outbound,Saturday,en,142,,4
109,Outbound,Sunday,en,142,,4
109,Outbound,Weekday,en,4537,,5
109,Outbound,Saturday,en,4537,,5
109,Outbound,Sunday,en,4537,,5
109,Outbound,Weekday,en,4651,,6
109,Outbound,Saturday,en,4651,,6
109,Outbound,Sunday,en,4651,,6
109,Outbound,Weekday,en,4667,,7
109,Outbound,Saturday,en,4667,,7
109,Outbound,Sunday,en,4667,,7
109,Outbound,Weekday,en,4693,,8
109,Outbound,Saturday,en,4693,,8
109,Outbound,Sunday,en,4693,,8
109,Outbound,Weekday,en,4542,,10
109,Outbound,Saturday,en,4542,,10
109,Outbound,Sunday,en,4542,,10
109,Outbound,Weekday,en,4573,,11
109,Outbound,Saturday,en,4573,,11
109,Outbound,Sunday,en,4573,,11
109,Outbound,Weekday,en,4618,,12
109,Outbound,Saturday,en,4618,,12
109,Outbound,Sunday,en,4618,,12
109,Outbound,Weekday,en,8198,,13
109,Outbound,Saturday,en,8198,,13
109,Outbound,Sunday,en,8198,,13
110,Inbound,Weekday,en,1787,,1
110,Inbound,Saturday,en,1787,,1
110,Inbound,Sunday,en,1787,,1
110,Inbound,Weekday,en,6662,,2
110,Inbound,Saturday,en,6662,,2
110,Inbound,Sunday,en,6662,,2
110,Inbound,Weekday,en,2540,,3
110,Inbound,Saturday,en,2540,,3
110,Inbound,Sunday,en,2540,,3
110,Inbound,Weekday,en,1818,,4
110,Inbound,Saturday,en,1818,,4
110,Inbound,Sunday,en,1818,,4
110,Inbound,Weekday,en,5525,,5
110,Inbound,Saturday,en,5525,,5
110,Inbound,Sunday,en,5525,,5
110,Inbound,Weekday,en,7227,,6
110,Inbound,Saturday,en,7227,,6
110,Inbound,Sunday,en,7227,,6
110,Inbound,Weekday,en,3637,,7
110,Inbound,Saturday,en,3637,,7
110,Inbound,Sunday,en,3637,,7
110,Inbound,Weekday,en,7800,,8
110,Inbound,Saturday,en,7800,,8
110,Inbound,Sunday,en,7800,,8
110,Outbound,Weekday,en,7627,,2
110,Outbound,Saturday,en,7627,,2
110,Outbound,Sunday,en,7627,,2
110,Outbound,Weekday,en,2599,,3
110,Outbound,Saturday,en,2599,,3
110,Outbound,Sunday,en,2599,,3
110,Outbound,Weekday,en,7228,,4
110,Outbound,Saturday,en,7228,,4
110,Outbound,Sunday,en,7228,,4
110,Outbound,Weekday,en,5524,,5
110,Outbound,Saturday,en,5524,,5
110,Outbound,Sunday,en,5524,,5
110,Outbound,Weekday,en,8664,,6
110,Outbound,Saturday,en,8664,,6
110,Outbound,Sunday,en,8664,,6
110,Outbound,Weekday,en,6662,,7
110,Outbound,Saturday,en,6662,,7
110,Outbound,Sunday,en,6662,,7
110,Outbound,Weekday,en,2539,,8
110,Outbound,Saturday,en,2539,,8
110,Outbound,Sunday,en,2539,,8
110,Outbound,Weekday,en,1787,,9
110,Outbound,Saturday,en,1787,,9
110,Outbound,Sunday,en,1787,,9
112,Inbound,Weekday,en,10857,,1
112,Inbound,Saturday,en,10857,,1
112,Inbound,Sunday,en,10857,,1
112,Inbound,Weekday,en,9774,,2
112,Inbound,Saturday,en,9774,,2
112,Inbound,Sunday,en,9774,,2
112,Inbound,Weekday,en,10318,,3
112,Inbound,Saturday,en,10318,,3
112,Inbound,Sunday,en,10318,,3
112,Inbound,Weekday,en,10822,,4
112,Inbound,Saturday,en,10822,,4
112,Inbound,Sunday,en,10822,,4
112,Inbound,Weekday,en,10850,,5
112,Inbound,Saturday,en,10850,,5
112,Inbound,Sunday,en,10850,,5
112,Inbound,Weekday,en,5139,,6
112,Inbound,Saturday,en,5139,,6
112,Inbound,Sunday,en,5139,,6
112,Inbound,Weekday,en,5105,,7
112,Inbound,Saturday,en,5105,,7
112,Inbound,Sunday,en,5105,,7
112,Inbound,Weekday,en,9756,,8
112,Inbound,Saturday,en,9756,,8
112,Inbound,Sunday,en,9756,,8
112,Inbound,Weekday,en,5055,,9
112,Inbound,Saturday,en,5055,,9
112,Inbound,Sunday,en,5055,,9
112,Inbound,Weekday,en,7626,,10
112,Inbound,Saturday,en,7626,,10
112,Inbound,Sunday,en,7626,,10
112,Outbound,Weekday,en,7767,,1
112,Outbound,Saturday,en,7767,,1
112,Outbound,Sunday,en,7767,,1
112,Outbound,Weekday,en,5056,,3
112,Outbound,Saturday,en,5056,,3
112,Outbound,Sunday,en,5056,,3
112,Outbound,Weekday,en,5087,,4
112,Outbound,Saturday,en,5087,,4
112,Outbound,Sunday,en,5087,,4
112,Outbound,Weekday,en,5104,,5
112,Outbound,Saturday,en,5104,,5
112,Outbound,Sunday,en,5104,,5
112,Outbound,Weekday,en,5138,,6
112,Outbound,Saturday,en,5138,,6
112,Outbound,Sunday,en,5138,,6
112,Outbound,Weekday,en,10850,,7
112,Outbound,Saturday,en,10850,,7
112,Outbound,Sunday,en,10850,,7
112,Outbound,Weekday,en,10790,,9
112,Outbound,Saturday,en,10790,,9
112,Outbound,Sunday,en,10790,,9
112,Outbound,Weekday,en,10315,,10
112,Outbound,Saturday,en,10315,,10
112,Outbound,Sunday,en,10315,,10
112,Outbound,Weekday,en,9769,,11
112,Outbound,Saturday,en,9769,,11
112,Outbound,Sunday,en,9769,,11
112,Outbound,Weekday,en,10857,,12
112,Outbound,Saturday,en,10857,,12
112,Outbound,Sunday,en,10857,,12
115,Inbound,Weekday,en,5824,,2
115,Inbound,Saturday,en,5824,,2
115,Inbound,Sunday,en,5824,,2
115,Inbound,Weekday,en,5836,,3
115,Inbound,Saturday,en,5836,,3
115,Inbound,Sunday,en,5836,,3
115,Inbound,Weekday,en,8484,,4
115,Inbound,Saturday,en,8484,,4
115,Inbound,Sunday,en,8484,,4
115,Inbound,Weekday,en,8989,,5
115,Inbound,Saturday,en,8989,,5
115,Inbound,Sunday,en,8989,,5
115,Inbound,Weekday,en,6911,,6
115,Inbound,Saturday,en,6911,,6
115,Inbound,Sunday,en,6911,,6
115,Inbound,Weekday,en,5020,,7
115,Inbound,Saturday,en,5020,,7
115,Inbound,Sunday,en,5020,,7
115,Outbound,Weekday,en,6160,,1
115,Outbound,Saturday,en,6160,,1
115,Outbound,Sunday,en,6160,,1
115,Outbound,Weekday,en,9599,,2
115,Outbound,Saturday,en,9599,,2
115,Outbound,Sunday,en,9599,,2
115,Outbound,Weekday,en,7163,,3
115,Outbound,Saturday,en,7163,,3
115,Outbound,Sunday,en,7163,,3
115,Outbound,Weekday,en,8484,,4
115,Outbound,Saturday,en,8484,,4
115,Outbound,Sunday,en,8484,,4
115,Outbound,Weekday,en,5835,,5
115,Outbound,Saturday,en,5835,,5
115,Outbound,Sunday,en,5835,,5
115,Outbound,Weekday,en,5824,,6
115,Outbound,Saturday,en,5824,,6
115,Outbound,Sunday,en,5824,,6
117,Inbound,Weekday,en,2685,,1
117,Inbound,Saturday,en,2685,,1
117,Inbound,Sunday,en,2685,,1
117,Inbound,Weekday,en,2705,,2
117,Inbound,Saturday,en,2705,,2
117,Inbound,Sunday,en,2705,,2
117,Inbound,Weekday,en,2763,,3
117,Inbound,Saturday,en,2763,,3
117,Inbound,Sunday,en,2763,,3
117,Inbound,Weekday,en,2727,,4
117,Inbound,Saturday,en,2727,,4
117,Inbound,Sunday,en,2727,,4
117,Inbound,Weekday,en,6849,,5
117,Inbound,Saturday,en,6849,,5
117,Inbound,Sunday,en,6849,,5
117,Inbound,Weekday,en,4538,,6
117,Inbound,Saturday,en,4538,,6
117,Inbound,Sunday,en,4538,,6
117,Inbound,Weekday,en,143,,7
117,Inbound,Saturday,en,143,,7
117,Inbound,Sunday,en,143,,7
117,Inbound,Weekday,en,7789,,8
117,Inbound,Saturday,en,7789,,8
117,Inbound,Sunday,en,7789,,8
117,Outbound,Weekday,en,7631,,2
117,Outbound,Saturday,en,7631,,2
117,Outbound,Sunday,en,7631,,2
117,Outbound,Weekday,en,3397,,3
117,Outbound,Saturday,en,3397,,3
117,Outbound,Sunday,en,3397,,3
117,Outbound,Weekday,en,4536,,4
117,Outbound,Saturday,en,4536,,4
117,Outbound,Sunday,en,4536,,4
117,Outbound,Weekday,en,6850,,5
117,Outbound,Saturday,en,6850,,5
117,Outbound,Sunday,en,6850,,5
117,Outbound,Weekday,en,2726,,6
117,Outbound,Saturday,en,2726,,6
117,Outbound,Sunday,en,2726,,6
117,Outbound,Weekday,en,2762,,7
117,Outbound,Saturday,en,2762,,7
117,Outbound,Sunday,en,2762,,7
117,Outbound,Weekday,en,2685,,8
117,Outbound,Saturday,en,2685,,8
117,Outbound,Sunday,en,2685,,8
119,Inbound,Weekday,en,6567,,2
119,Inbound,Saturday,en,6567,,2
119,Inbound,Sunday,en,6567,,2
119,Inbound,Weekday,en,10307,,3
119,Inbound,Saturday,en,10307,,3
119,Inbound,Sunday,en,10307,,3
119,Inbound,Weekday,en,1551,,4
119,Inbound,Saturday,en,1551,,4
119,Inbound,Sunday,en,1551,,4
119,Inbound,Weekday,en,6409,,5
119,Inbound,Saturday,en,6409,,5
119,Inbound,Sunday,en,6409,,5
119,Inbound,Weekday,en,7352,,6
119,Inbound,Saturday,en,7352,,6
119,Inbound,Sunday,en,7352,,6
119,Inbound,Weekday,en,10189,,7
119,Inbound,Saturday,en,10189,,7
119,Inbound,Sunday,en,10189,,7
119,Inbound,Weekday,en,7172,,8
119,Inbound,Saturday,en,7172,,8
119,Inbound,Sunday,en,7172,,8
119,Inbound,Weekday,en,838,,9
119,Inbound,Saturday,en,838,,9
119,Inbound,Sunday,en,838,,9
119,Inbound,Weekday,en,4538,,10
119,Inbound,Saturday,en,4538,,10
119,Inbound,Sunday,en,4538,,10
119,Inbound,Weekday,en,7767,,12
119,Inbound,Saturday,en,7767,,12
119,Inbound,Sunday,en,7767,,12
119,Outbound,Weekday,en,7627,,1
119,Outbound,Saturday,en,7627,,1
119,Outbound,Sunday,en,7627,,1
119,Outbound,Weekday,en,4537,,4
119,Outbound,Saturday,en,4537,,4
119,Outbound,Sunday,en,4537,,4
119,Outbound,Weekday,en,845,,5
119,Outbound,Saturday,en,845,,5
119,Outbound,Sunday,en,845,,5
119,Outbound,Weekday,en,7172,,6
119,Outbound,Saturday,en,7172,,6
119,Outbound,Sunday,en,7172,,6
119,Outbound,Weekday,en,4816,,7
119,Outbound,Saturday,en,4816,,7
119,Outbound,Sunday,en,4816,,7
119,Outbound,Weekday,en,6399,,8
119,Outbound,Saturday,en,6399,,8
119,Outbound,Sunday,en,6399,,8
119,Outbound,Weekday,en,6411,,9
119,Outbound,Saturday,en,6411,,9
119,Outbound,Sunday,en,6411,,9
119,Outbound,Weekday,en,1550,,10
119,Outbound,Saturday,en,1550,,10
119,Outbound,Sunday,en,1550,,10
119,Outbound,Weekday,en,1764,,12
119,Outbound,Saturday,en,1764,,12
119,Outbound,Sunday,en,1764,,12
119,Outbound,Weekday,en,6567,,13
119,Outbound,Saturday,en,6567,,13
119,Outbound,Sunday,en,6567,,13
12,Inbound,Weekday,en,3670,,1
12,Inbound,Saturday,en,3670,,1
12,Inbound,Sunday,en,3670,,1
12,Inbound,Weekday,en,8792,,3
12,Inbound,Saturday,en,8792,,3
12,Inbound,Sunday,en,8792,,3
12,Inbound,Weekday,en,8211,Tigard Transit Center,4
12,Inbound,Saturday,en,8211,Tigard Transit Center,4
12,Inbound,Sunday,en,8211,Tigard Transit Center,4
12,Inbound,Weekday,en,212,,7
12,Inbound,Saturday,en,212,,7
12,Inbound,Sunday,en,212,,7
12,Inbound,Weekday,en,193,,8
12,Inbound,Saturday,en,193,,8
12,Inbound,Sunday,en,193,,8
12,Inbound,Weekday,en,654,,9
12,Inbound,Saturday,en,654,,9
12,Inbound,Sunday,en,654,,9
12,Inbound,Weekday,en,7767,,10
12,Inbound,Saturday,en,7767,,10
12,Inbound,Sunday,en,7767,,10
12,Outbound,Weekday,en,7626,,1
12,Outbound,Saturday,en,7626,,1
12,Outbound,Sunday,en,7626,,1
12,Outbound,Weekday,en,7588,,3
12,Outbound,Saturday,en,7588,,3
12,Outbound,Sunday,en,7588,,3
12,Outbound,Weekday,en,191,,4
12,Outbound,Saturday,en,191,,4
12,Outbound,Sunday,en,191,,4
12,Outbound,Weekday,en,8213,,6
12,Outbound,Saturday,en,8213,,6
12,Outbound,Sunday,en,8213,,6
12,Outbound,Weekday,en,8210,Tigard Transit Center,8
12,Outbound,Saturday,en,8210,Tigard Transit Center,8
12,Outbound,Sunday,en,8210,Tigard Transit Center,8
12,Outbound,Weekday,en,8644,,9
12,Outbound,Saturday,en,8644,,9
12,Outbound,Sunday,en,8644,,9
12,Outbound,Weekday,en,3670,,10
12,Outbound,Saturday,en,3670,,10
12,Outbound,Sunday,en,3670,,10
135,Inbound,Weekday,en,9630,,1
135,Inbound,Saturday,en,9630,,1
135,Inbound,Sunday,en,9630,,1
135,Inbound,Weekday,en,6374,,2
135,Inbound,Saturday,en,6374,,2
135,Inbound,Sunday,en,6374,,2
135,Inbound,Weekday,en,2227,,3
135,Inbound,Saturday,en,2227,,3
135,Inbound,Sunday,en,2227,,3
135,Inbound,Weekday,en,11813,,4
135,Inbound,Saturday,en,11813,,4
135,Inbound,Sunday,en,11813,,4
135,Inbound,Weekday,en,Pin3,,5
135,Inbound,Saturday,en,Pin3,,5
135,Inbound,Sunday,en,Pin3,,5
135,Outbound,Weekday,en,Tay4,,2
135,Outbound,Saturday,en,Tay4,,2
135,Outbound,Sunday,en,Tay4,,2
135,Outbound,Weekday,en,11814,,3
135,Outbound,Saturday,en,11814,,3
135,Outbound,Sunday,en,11814,,3
135,Outbound,Weekday,en,2226,,4
135,Outbound,Saturday,en,2226,,4
135,Outbound,Sunday,en,2226,,4
135,Outbound,Weekday,en,10611,,5
135,Outbound,Saturday,en,10611,,5
135,Outbound,Sunday,en,10611,,5
135,Outbound,Weekday,en,9630,,6
135,Outbound,Saturday,en,9630,,6
135,Outbound,Sunday,en,9630,,6
15,Inbound,Weekday,en,5050,,10
15,Inbound,Saturday,en,5050,,10
15,Inbound,Sunday,en,5050,,10
15,Inbound,Weekday,en,6525,,20
15,Inbound,Saturday,en,6525,,20
15,Inbound,Sunday,en,6525,,20
15,Inbound,Weekday,en,9211,,30
15,Inbound,Saturday,en,9211,,30
15,Inbound,Sunday,en,9211,,30
15,Inbound,Weekday,en,5499,,40
15,Inbound,Saturday,en,5499,,40
15,Inbound,Sunday,en,5499,,40
15,Inbound,Weekday,en,451,,50
15,Inbound,Saturday,en,451,,50
15,Inbound,Sunday,en,451,,50
15,Inbound,Weekday,en,428,,60
15,Inbound,Saturday,en,428,,60
15,Inbound,Sunday,en,428,,60
15,Inbound,Weekday,en,4014,,70
15,Inbound,Saturday,en,4014,,70
15,Inbound,Sunday,en,4014,,70
15,Inbound,Weekday,en,6160,,80
15,Inbound,Saturday,en,6160,,80
15,Inbound,Sunday,en,6160,,80
15,Outbound,Weekday,en,5020,,1
15,Outbound,Saturday,en,5020,,1
15,Outbound,Sunday,en,5020,,1
15,Outbound,Weekday,en,400,,2
15,Outbound,Saturday,en,400,,2
15,Outbound,Sunday,en,400,,2
15,Outbound,Weekday,en,427,,3
15,Outbound,Saturday,en,427,,3
15,Outbound,Sunday,en,427,,3
15,Outbound,Weekday,en,450,,4
15,Outbound,Saturday,en,450,,4
15,Outbound,Sunday,en,450,,4
15,Outbound,Weekday,en,6166,,5
15,Outbound,Saturday,en,6166,,5
15,Outbound,Sunday,en,6166,,5
15,Outbound,Weekday,en,9218,,8
15,Outbound,Saturday,en,9218,,8
15,Outbound,Sunday,en,9218,,8
15,Outbound,Weekday,en,10745,,9
15,Outbound,Saturday,en,10745,,9
15,Outbound,Sunday,en,10745,,9
15,Outbound,Weekday,en,5050,,10
15,Outbound,Saturday,en,5050,,10
15,Outbound,Sunday,en,5050,,10
155156,Inbound,Sunday,en,10148,,10
155156,Inbound,Sunday,en,10225,,20
155156,Inbound,Sunday,en,8998,,30
155156,Inbound,Sunday,en,11519,,40
155156,Inbound,Sunday,en,12741,,50
155156,Inbound,Sunday,en,12740,,60
155156,Outbound,Sunday,en,12740,,10
155156,Outbound,Sunday,en,12742,,20
155156,Outbound,Sunday,en,11520,,30
155156,Outbound,Sunday,en,10203,,40
155156,Outbound,Sunday,en,10148,,50
16,Inbound,Saturday,en,9477,,1
16,Inbound,Sunday,en,9477,,1
16,Inbound,Weekday,en,11829,,2
16,Inbound,Saturday,en,11829,,2
16,Inbound,Sunday,en,11829,,2
16,Inbound,Weekday,en,8859,,5
16,Inbound,Saturday,en,8859,,5
16,Inbound,Sunday,en,8859,,5
16,Inbound,Weekday,en,1713,,7
16,Inbound,Saturday,en,1713,,7
16,Inbound,Sunday,en,1713,,7
16,Inbound,Weekday,en,11837,,8
16,Inbound,Saturday,en,11837,,8
16,Inbound,Sunday,en,11837,,8
16,Inbound,Weekday,en,8875,,10
16,Inbound,Saturday,en,8875,,10
16,Inbound,Sunday,en,8875,,10
16,Inbound,Weekday,en,9890,,11
16,Inbound,Saturday,en,9890,,11
16,Inbound,Sunday,en,9890,,11
16,Inbound,Weekday,en,7636,,12
16,Inbound,Saturday,en,7636,,12
16,Inbound,Sunday,en,7636,,12
16,Outbound,Weekday,en,7789,,2
16,Outbound,Saturday,en,7789,,2
16,Outbound,Sunday,en,7789,,2
16,Outbound,Weekday,en,9875,,3
16,Outbound,Saturday,en,9875,,3
16,Outbound,Sunday,en,9875,,3
16,Outbound,Weekday,en,1922,,4
16,Outbound,Saturday,en,1922,,4
16,Outbound,Sunday,en,1922,,4
16,Outbound,Weekday,en,3008,,6
16,Outbound,Saturday,en,3008,,6
16,Outbound,Sunday,en,3008,,6
16,Outbound,Weekday,en,11824,,7
16,Outbound,Saturday,en,11824,,7
16,Outbound,Sunday,en,11824,,7
16,Outbound,Weekday,en,8859,,9
16,Outbound,Saturday,en,8859,,9
16,Outbound,Sunday,en,8859,,9
16,Outbound,Weekday,en,11829,,11
16,Outbound,Saturday,en,11829,,11
16,Outbound,Sunday,en,11829,,11
16,Outbound,Weekday,en,9477,,12
16,Outbound,Saturday,en,9477,,12
16,Outbound,Sunday,en,9477,,12
17,Inbound,Weekday,en,5342,,1
17,Inbound,Saturday,en,5342,,1
17,Inbound,Weekday,en,3465,,2
17,Inbound,Saturday,en,3465,,2
17,Inbound,Weekday,en,8302,,3
17,Inbound,Saturday,en,8302,,3
17,Inbound,Weekday,en,8484,,8
17,Inbound,Saturday,en,8484,,8
17,Inbound,Sunday,en,8484,,8
17,Inbound,Weekday,en,7121,,9
17,Inbound,Saturday,en,7121,,9
17,Inbound,Sunday,en,7121,,9
17,Inbound,Weekday,en,1606,,10
17,Inbound,Saturday,en,1606,,10
17,Inbound,Sunday,en,1606,,10
17,Inbound,Weekday,en,7631,,11
17,Inbound,Saturday,en,7631,,11
17,Inbound,Sunday,en,7631,,11
17,Outbound,Weekday,en,7789,,1
17,Outbound,Saturday,en,7789,,1
17,Outbound,Sunday,en,7789,,1
17,Outbound,Weekday,en,7122,,3
17,Outbound,Saturday,en,7122,,3
17,Outbound,Sunday,en,7122,,3
17,Outbound,Weekday,en,8802,,4
17,Outbound,Saturday,en,8802,,4
17,Outbound,Sunday,en,8802,,4
17,Outbound,Weekday,en,5337,,10
17,Outbound,Saturday,en,5337,,10
17,Outbound,Weekday,en,3467,,11
17,Outbound,Saturday,en,3467,,11
17,Outbound,Weekday,en,5356,,12
17,Outbound,Saturday,en,5356,,12
17,Outbound,Weekday,en,8437,,13
17,Outbound,Saturday,en,8437,,13
17,Outbound,Weekday,en,5342,,14
17,Outbound,Saturday,en,5342,,14
19,Inbound,Weekday,en,10860,,1
19,Inbound,Saturday,en,10860,,1
19,Inbound,Sunday,en,10860,,1
19,Inbound,Weekday,en,2148,,2
19,Inbound,Saturday,en,2148,,2
19,Inbound,Sunday,en,2148,,2
19,Inbound,Weekday,en,2128,,3
19,Inbound,Saturday,en,2128,,3
19,Inbound,Sunday,en,2128,,3
19,Inbound,Weekday,en,2002,,4
19,Inbound,Saturday,en,2002,,4
19,Inbound,Sunday,en,2002,,4
19,Inbound,Weekday,en,5055,,5
19,Inbound,Saturday,en,5055,,5
19,Inbound,Sunday,en,5055,,5
19,Inbound,Weekday,en,7627,,6
19,Inbound,Saturday,en,7627,,6
19,Inbound,Sunday,en,7627,,6
19,Outbound,Weekday,en,7767,,1
19,Outbound,Saturday,en,7767,,1
19,Outbound,Sunday,en,7767,,1
19,Outbound,Weekday,en,9518,,3
19,Outbound,Saturday,en,9518,,3
19,Outbound,Sunday,en,9518,,3
19,Outbound,Weekday,en,2001,,4
19,Outbound,Saturday,en,2001,,4
19,Outbound,Sunday,en,2001,,4
19,Outbound,Weekday,en,2127,,5
19,Outbound,Saturday,en,2127,,5
19,Outbound,Sunday,en,2127,,5
19,Outbound,Weekday,en,2147,,6
19,Outbound,Saturday,en,2147,,6
19,Outbound,Sunday,en,2147,,6
19,Outbound,Weekday,en,10860,,7
19,Outbound,Saturday,en,10860,,7
19,Outbound,Sunday,en,10860,,7
190,Inbound,Weekday,en,11498,,1
190,Inbound,Saturday,en,11498,,1
190,Inbound,Sunday,en,11498,,1
190,Inbound,Weekday,en,11501,,2
190,Inbound,Saturday,en,11501,,2
190,Inbound,Sunday,en,11501,,2
190,Inbound,Weekday,en,11504,,3
190,Inbound,Saturday,en,11504,,3
190,Inbound,Sunday,en,11504,,3
190,Inbound,Weekday,en,11507,,4
190,Inbound,Saturday,en,11507,,4
190,Inbound,Sunday,en,11507,,4
190,Inbound,Weekday,en,8378,,5
190,Inbound,Saturday,en,8378,,5
190,Inbound,Sunday,en,8378,,5
190,Inbound,Weekday,en,8383,,6
190,Inbound,Saturday,en,8383,,6
190,Inbound,Sunday,en,8383,,6
190,Outbound,Weekday,en,8334,,11
190,Outbound,Saturday,en,8334,,11
190,Outbound,Sunday,en,8334,,11
190,Outbound,Weekday,en,8339,,12
190,Outbound,Saturday,en,8339,,12
190,Outbound,Sunday,en,8339,,12
190,Outbound,Weekday,en,11508,,14
190,Outbound,Saturday,en,11508,,14
190,Outbound,Sunday,en,11508,,14
190,Outbound,Weekday,en,11511,,15
190,Outbound,Saturday,en,11511,,15
190,Outbound,Sunday,en,11511,,15
190,Outbound,Weekday,en,11514,,16
190,Outbound,Saturday,en,11514,,16
190,Outbound,Sunday,en,11514,,16
190,Outbound,Weekday,en,11498,,17
190,Outbound,Saturday,en,11498,,17
190,Outbound,Sunday,en,11498,,17
254,Inbound,Weekday,en,9649,,10
254,Inbound,Saturday,en,9649,,10
254,Inbound,Sunday,en,9649,,10
254,Inbound,Weekday,en,9979,,20
254,Inbound,Saturday,en,9979,,20
254,Inbound,Sunday,en,9979,,20
254,Inbound,Weekday,en,348,,30
254,Inbound,Saturday,en,348,,30
254,Inbound,Sunday,en,348,,30
254,Inbound,Weekday,en,929,,40
254,Inbound,Saturday,en,929,,40
254,Inbound,Sunday,en,929,,40
254,Inbound,Weekday,en,1073,,50
254,Inbound,Saturday,en,1073,,50
254,Inbound,Sunday,en,1073,,50
254,Inbound,Weekday,en,7766,,60
254,Inbound,Saturday,en,7766,,60
254,Inbound,Sunday,en,7766,,60
254,Inbound,Weekday,en,3007,,70
254,Inbound,Saturday,en,3007,,70
254,Inbound,Sunday,en,3007,,70
254,Outbound,Weekday,en,9302,,5
254,Outbound,Saturday,en,9302,,5
254,Outbound,Sunday,en,9302,,5
254,Outbound,Weekday,en,7636,,10
254,Outbound,Saturday,en,7636,,10
254,Outbound,Sunday,en,7636,,10
254,Outbound,Weekday,en,1927,,20
254,Outbound,Saturday,en,1927,,20
254,Outbound,Sunday,en,1927,,20
254,Outbound,Weekday,en,955,,30
254,Outbound,Saturday,en,955,,30
254,Outbound,Sunday,en,955,,30
254,Outbound,Weekday,en,350,,40
254,Outbound,Saturday,en,350,,40
254,Outbound,Sunday,en,350,,40
254,Outbound,Weekday,en,9979,,41
254,Outbound,Saturday,en,9979,,41
254,Outbound,Sunday,en,9979,,41
254,Outbound,Weekday,en,5184,,49
254,Outbound,Saturday,en,5184,,49
254,Outbound,Sunday,en,5184,,49
254,Outbound,Weekday,en,9649,,50
254,Outbound,Saturday,en,9649,,50
254,Outbound,Sunday,en,9649,,50
280,Inbound,Weekday,en,9481,,10
280,Inbound,Saturday,en,9481,,10
280,Inbound,Sunday,en,9481,,10
280,Inbound,Weekday,en,831,,15
280,Inbound,Saturday,en,831,,15
280,Inbound,Sunday,en,831,,15
280,Inbound,Weekday,en,9103,,20
280,Inbound,Saturday,en,9103,,20
280,Inbound,Sunday,en,9103,,20
280,Inbound,Weekday,en,3873,,30
280,Inbound,Saturday,en,3873,,30
280,Inbound,Sunday,en,3873,,30
280,Inbound,Weekday,en,4518,,40
280,Inbound,Saturday,en,4518,,40
280,Inbound,Sunday,en,4518,,40
280,Inbound,Weekday,en,10859,,50
280,Inbound,Saturday,en,10859,,50
280,Inbound,Sunday,en,10859,,50
280,Outbound,Weekday,en,10859,,10
280,Outbound,Saturday,en,10859,,10
280,Outbound,Sunday,en,10859,,10
280,Outbound,Weekday,en,4545,,20
280,Outbound,Saturday,en,4545,,20
280,Outbound,Sunday,en,4545,,20
280,Outbound,Weekday,en,3872,,30
280,Outbound,Saturday,en,3872,,30
280,Outbound,Sunday,en,3872,,30
280,Outbound,Weekday,en,830,,40
280,Outbound,Saturday,en,830,,40
280,Outbound,Sunday,en,830,,40
280,Outbound,Weekday,en,9092,,50
280,Outbound,Saturday,en,9092,,50
280,Outbound,Sunday,en,9092,,50
280,Outbound,Weekday,en,9481,,60
280,Outbound,Saturday,en,9481,,60
280,Outbound,Sunday,en,9481,,60
31,Inbound,Weekday,en,3724,,1
31,Inbound,Saturday,en,3724,,1
31,Inbound,Sunday,en,3724,,1
31,Inbound,Weekday,en,1557,,2
31,Inbound,Saturday,en,1557,,2
31,Inbound,Sunday,en,1557,,2
31,Inbound,Weekday,en,2887,,3
31,Inbound,Saturday,en,2887,,3
31,Inbound,Sunday,en,2887,,3
31,Inbound,Weekday,en,2882,,4
31,Inbound,Saturday,en,2882,,4
31,Inbound,Sunday,en,2882,,4
31,Inbound,Weekday,en,2886,,5
31,Inbound,Saturday,en,2886,,5
31,Inbound,Sunday,en,2886,,5
31,Inbound,Weekday,en,2915,,6
31,Inbound,Saturday,en,2915,,6
31,Inbound,Sunday,en,2915,,6
31,Inbound,Weekday,en,12740,,8
31,Inbound,Saturday,en,12740,,8
31,Inbound,Sunday,en,12740,,8
31,Inbound,Weekday,en,12742,,9
31,Inbound,Saturday,en,12742,,9
31,Inbound,Sunday,en,12742,,9
31,Inbound,Weekday,en,12736,,10
31,Inbound,Saturday,en,12736,,10
31,Inbound,Sunday,en,12736,,10
31,Inbound,Weekday,en,3235,,11
31,Inbound,Saturday,en,3235,,11
31,Inbound,Sunday,en,3235,,11
31,Inbound,Weekday,en,8220,,12
31,Inbound,Saturday,en,8220,,12
31,Inbound,Sunday,en,8220,,12
31,Inbound,Weekday,en,8220,,13
31,Inbound,Saturday,en,8220,,13
31,Inbound,Sunday,en,8220,,13
31,Inbound,Weekday,en,3858,,14
31,Inbound,Saturday,en,3858,,14
31,Inbound,Sunday,en,3858,,14
31,Inbound,Weekday,en,5581,,15
31,Inbound,Saturday,en,5581,,15
31,Inbound,Sunday,en,5581,,15
31,Inbound,Weekday,en,3007,,16
31,Inbound,Saturday,en,3007,,16
31,Inbound,Sunday,en,3007,,16
31,Outbound,Weekday,en,9302,,1
31,Outbound,Saturday,en,9302,,1
31,Outbound,Sunday,en,9302,,1
31,Outbound,Weekday,en,7627,,2
31,Outbound,Saturday,en,7627,,2
31,Outbound,Sunday,en,7627,,2
31,Outbound,Weekday,en,3859,,4
31,Outbound,Saturday,en,3859,,4
31,Outbound,Sunday,en,3859,,4
31,Outbound,Weekday,en,8220,,5
31,Outbound,Saturday,en,8220,,5
31,Outbound,Sunday,en,8220,,5
31,Outbound,Weekday,en,8220,,6
31,Outbound,Saturday,en,8220,,6
31,Outbound,Sunday,en,8220,,6
31,Outbound,Weekday,en,3234,,7
31,Outbound,Saturday,en,3234,,7
31,Outbound,Sunday,en,3234,,7
31,Outbound,Weekday,en,12735,,8
31,Outbound,Saturday,en,12735,,8
31,Outbound,Sunday,en,12735,,8
31,Outbound,Weekday,en,12741,,9
31,Outbound,Saturday,en,12741,,9
31,Outbound,Sunday,en,12741,,9
31,Outbound,Weekday,en,12740,,10
31,Outbound,Saturday,en,12740,,10
31,Outbound,Sunday,en,12740,,10
31,Outbound,Weekday,en,2914,,11
31,Outbound,Saturday,en,2914,,11
31,Outbound,Sunday,en,2914,,11
31,Outbound,Weekday,en,2885,,12
31,Outbound,Saturday,en,2885,,12
31,Outbound,Sunday,en,2885,,12
31,Outbound,Weekday,en,2881,,13
31,Outbound,Saturday,en,2881,,13
31,Outbound,Sunday,en,2881,,13
31,Outbound,Weekday,en,1563,,14
31,Outbound,Saturday,en,1563,,14
31,Outbound,Sunday,en,1563,,14
31,Outbound,Weekday,en,1556,,15
31,Outbound,Saturday,en,1556,,15
31,Outbound,Sunday,en,1556,,15
31,Outbound,Weekday,en,3724,,16
31,Outbound,Saturday,en,3724,,16
31,Outbound,Sunday,en,3724,,16
34,Inbound,Weekday,en,8312,,0
34,Inbound,Saturday,en,8312,,0
34,Inbound,Sunday,en,8312,,0
34,Inbound,Weekday,en,8757,,20
34,Inbound,Saturday,en,8757,,20
34,Inbound,Sunday,en,8757,,20
34,Inbound,Weekday,en,4851,,30
34,Inbound,Saturday,en,4851,,30
34,Inbound,Sunday,en,4851,,30
34,Inbound,Weekday,en,4865,,40
34,Inbound,Saturday,en,4865,,40
34,Inbound,Sunday,en,4865,,40
34,Inbound,Weekday,en,6353,,50
34,Inbound,Saturday,en,6353,,50
34,Inbound,Sunday,en,6353,,50
34,Inbound,Weekday,en,8224,,60
34,Inbound,Saturday,en,8224,,60
34,Inbound,Sunday,en,8224,,60
34,Outbound,Weekday,en,8224,,10
34,Outbound,Saturday,en,8224,,10
34,Outbound,Sunday,en,8224,,10
34,Outbound,Weekday,en,6353,,20
34,Outbound,Saturday,en,6353,,20
34,Outbound,Sunday,en,6353,,20
34,Outbound,Weekday,en,4866,,30
34,Outbound,Saturday,en,4866,,30
34,Outbound,Sunday,en,4866,,30
34,Outbound,Weekday,en,4852,,40
34,Outbound,Saturday,en,4852,,40
34,Outbound,Sunday,en,4852,,40
34,Outbound,Weekday,en,8757,,50
34,Outbound,Saturday,en,8757,,50
34,Outbound,Sunday,en,8757,,50
34,Outbound,Weekday,en,8312,,60
34,Outbound,Saturday,en,8312,,60
34,Outbound,Sunday,en,8312,,60
4,Inbound,Weekday,en,4818,,1
4,Inbound,Saturday,en,4818,,1
4,Inbound,Sunday,en,4818,,1
4,Inbound,Weekday,en,1707,,2
4,Inbound,Saturday,en,1707,,2
4,Inbound,Sunday,en,1707,,2
4,Inbound,Weekday,en,1050,,3
4,Inbound,Saturday,en,1050,,3
4,Inbound,Sunday,en,1050,,3
4,Inbound,Weekday,en,3506,,4
4,Inbound,Saturday,en,3506,,4
4,Inbound,Sunday,en,3506,,4
4,Inbound,Weekday,en,89,,5
4,Inbound,Saturday,en,89,,5
4,Inbound,Sunday,en,89,,5
4,Inbound,Weekday,en,1098,,6
4,Inbound,Saturday,en,1098,,6
4,Inbound,Sunday,en,1098,,6
4,Inbound,Weekday,en,7631,,7
4,Inbound,Saturday,en,7631,,7
4,Inbound,Sunday,en,7631,,7
4,Outbound,Weekday,en,7789,,2
4,Outbound,Saturday,en,7789,,2
4,Outbound,Sunday,en,7789,,2
4,Outbound,Weekday,en,1097,,4
4,Outbound,Saturday,en,1097,,4
4,Outbound,Sunday,en,1097,,4
4,Outbound,Weekday,en,88,,5
4,Outbound,Saturday,en,88,,5
4,Outbound,Sunday,en,88,,5
4,Outbound,Weekday,en,3507,,6
4,Outbound,Saturday,en,3507,,6
4,Outbound,Sunday,en,3507,,6
4,Outbound,Weekday,en,10611,,7
4,Outbound,Saturday,en,10611,,7
4,Outbound,Sunday,en,10611,,7
4,Outbound,Weekday,en,1708,,8
4,Outbound,Saturday,en,1708,,8
4,Outbound,Sunday,en,1708,,8
4,Outbound,Weekday,en,4818,,9
4,Outbound,Saturday,en,4818,,9
4,Outbound,Sunday,en,4818,,9
53,Inbound,Weekday,en,9977,,10
53,Inbound,Saturday,en,9977,,10
53,Inbound,Sunday,en,9977,,10
53,Inbound,Weekday,en,9688,,20
53,Inbound,Saturday,en,9688,,20
53,Inbound,Sunday,en,9688,,20
53,Inbound,Weekday,en,9700,,20
53,Inbound,Saturday,en,9700,,20
53,Inbound,Sunday,en,9700,,20
53,Inbound,Weekday,en,9977,,40
53,Inbound,Saturday,en,9977,,40
53,Inbound,Sunday,en,9977,,40
53,Outbound,Weekday,en,9977,,10
53,Outbound,Saturday,en,9977,,10
53,Outbound,Sunday,en,9977,,10
53,Outbound,Weekday,en,9700,,20
53,Outbound,Saturday,en,9700,,20
53,Outbound,Sunday,en,9700,,20
53,Outbound,Weekday,en,9704,,30
53,Outbound,Saturday,en,9704,,30
53,Outbound,Sunday,en,9704,,30
53,Outbound,Weekday,en,9977,,40
53,Outbound,Saturday,en,9977,,40
53,Outbound,Sunday,en,9977,,40
65,Inbound,Weekday,en,11211,,1
65,Inbound,Saturday,en,11211,,1
65,Inbound,Sunday,en,11211,,1
65,Inbound,Weekday,en,5749,,2
65,Inbound,Saturday,en,5749,,2
65,Inbound,Sunday,en,5749,,2
65,Inbound,Weekday,en,10848,,4
65,Inbound,Saturday,en,10848,,4
65,Inbound,Sunday,en,10848,,4
65,Inbound,Weekday,en,5975,,5
65,Inbound,Saturday,en,5975,,5
65,Inbound,Sunday,en,5975,,5
65,Inbound,Weekday,en,5028,,6
65,Inbound,Saturday,en,5028,,6
65,Inbound,Sunday,en,5028,,6
65,Outbound,Weekday,en,5975,,1
65,Outbound,Saturday,en,5975,,1
65,Outbound,Sunday,en,5975,,1
65,Outbound,Weekday,en,5028,,2
65,Outbound,Saturday,en,5028,,2
65,Outbound,Sunday,en,5028,,2
65,Outbound,Weekday,en,5804,,3
65,Outbound,Saturday,en,5804,,3
65,Outbound,Sunday,en,5804,,3
65,Outbound,Weekday,en,199,,4
65,Outbound,Saturday,en,199,,4
65,Outbound,Sunday,en,199,,4
65,Outbound,Weekday,en,5790,,6
65,Outbound,Saturday,en,5790,,6
65,Outbound,Sunday,en,5790,,6
65,Outbound,Weekday,en,11211,,7
65,Outbound,Saturday,en,11211,,7
65,Outbound,Sunday,en,11211,,7
67,Inbound,Weekday,en,4429,,1
67,Inbound,Saturday,en,4429,,1
67,Inbound,Sunday,en,4429,,1
67,Inbound,Weekday,en,10106,,3
67,Inbound,Saturday,en,10106,,3
67,Inbound,Sunday,en,10106,,3
67,Inbound,Weekday,en,10116,,4
67,Inbound,Saturday,en,10116,,4
67,Inbound,Sunday,en,10116,,4
67,Inbound,Weekday,en,3870,,6
67,Inbound,Saturday,en,3870,,6
67,Inbound,Sunday,en,3870,,6
67,Inbound,Weekday,en,2268,,7
67,Inbound,Saturday,en,2268,,7
67,Inbound,Sunday,en,2268,,7
67,Inbound,Weekday,en,9980,,8
67,Inbound,Saturday,en,9980,,8
67,Inbound,Sunday,en,9980,,8
67,Outbound,Weekday,en,9980,,1
67,Outbound,Saturday,en,9980,,1
67,Outbound,Sunday,en,9980,,1
67,Outbound,Weekday,en,2273,,2
67,Outbound,Saturday,en,2273,,2
67,Outbound,Sunday,en,2273,,2
67,Outbound,Weekday,en,3870,,3
67,Outbound,Saturday,en,3870,,3
67,Outbound,Sunday,en,3870,,3
67,Outbound,Weekday,en,10084,,5
67,Outbound,Saturday,en,10084,,5
67,Outbound,Sunday,en,10084,,5
67,Outbound,Weekday,en,10094,,6
67,Outbound,Saturday,en,10094,,6
67,Outbound,Sunday,en,10094,,6
67,Outbound,Weekday,en,4429,,7
67,Outbound,Saturday,en,4429,,7
67,Outbound,Sunday,en,4429,,7
73,Inbound,Weekday,en,10299,,10
73,Inbound,Saturday,en,10299,,10
73,Inbound,Sunday,en,10299,,10
73,Inbound,Weekday,en,1638,,20
73,Inbound,Saturday,en,1638,,20
73,Inbound,Sunday,en,1638,,20
73,Inbound,Weekday,en,10300,,30
73,Inbound,Saturday,en,10300,,30
73,Inbound,Sunday,en,10300,,30
73,Inbound,Weekday,en,10301,,40
73,Inbound,Saturday,en,10301,,40
73,Inbound,Sunday,en,10301,,40
73,Inbound,Weekday,en,11151,,50
73,Inbound,Saturday,en,11151,,50
73,Inbound,Sunday,en,11151,,50
73,Inbound,Weekday,en,10299,,60
73,Inbound,Saturday,en,10299,,60
73,Inbound,Sunday,en,10299,,60
73,Outbound,Weekday,en,10299,,10
73,Outbound,Saturday,en,10299,,10
73,Outbound,Sunday,en,10299,,10
73,Outbound,Weekday,en,1638,,20
73,Outbound,Saturday,en,1638,,20
73,Outbound,Sunday,en,1638,,20
73,Outbound,Weekday,en,10300,,30
73,Outbound,Saturday,en,10300,,30
73,Outbound,Sunday,en,10300,,30
73,Outbound,Weekday,en,10301,,40
73,Outbound,Saturday,en,10301,,40
73,Outbound,Sunday,en,10301,,40
73,Outbound,Weekday,en,11151,,50
73,Outbound,Saturday,en,11151,,50
73,Outbound,Sunday,en,11151,,50
73,Outbound,Weekday,en,10299,,60
73,Outbound,Saturday,en,10299,,60
73,Outbound,Sunday,en,10299,,60
8,Inbound,Weekday,en,9448,,1
8,Inbound,Saturday,en,9448,,1
8,Inbound,Sunday,en,9448,,1
8,Inbound,Weekday,en,1110,,2
8,Inbound,Saturday,en,1110,,2
8,Inbound,Sunday,en,1110,,2
8,Inbound,Weekday,en,1293,,3
8,Inbound,Saturday,en,1293,,3
8,Inbound,Sunday,en,1293,,3
8,Inbound,Weekday,en,6774,,4
8,Inbound,Saturday,en,6774,,4
8,Inbound,Sunday,en,6774,,4
8,Inbound,Weekday,en,6800,,5
8,Inbound,Saturday,en,6800,,5
8,Inbound,Sunday,en,6800,,5
8,Inbound,Weekday,en,4044,,6
8,Inbound,Saturday,en,4044,,6
8,Inbound,Sunday,en,4044,,6
8,Inbound,Weekday,en,1098,,7
8,Inbound,Saturday,en,1098,,7
8,Inbound,Sunday,en,1098,,7
8,Inbound,Weekday,en,7626,,8
8,Inbound,Saturday,en,7626,,8
8,Inbound,Sunday,en,7626,,8
8,Outbound,Weekday,en,7767,,1
8,Outbound,Saturday,en,7767,,1
8,Outbound,Sunday,en,7767,,1
8,Outbound,Weekday,en,1097,,3
8,Outbound,Saturday,en,1097,,3
8,Outbound,Sunday,en,1097,,3
8,Outbound,Weekday,en,9305,,4
8,Outbound,Saturday,en,9305,,4
8,Outbound,Sunday,en,9305,,4
8,Outbound,Weekday,en,6799,,5
8,Outbound,Saturday,en,6799,,5
8,Outbound,Sunday,en,6799,,5
8,Outbound,Weekday,en,6773,,6
8,Outbound,Saturday,en,6773,,6
8,Outbound,Sunday,en,6773,,6
8,Outbound,Weekday,en,1273,,7
8,Outbound,Saturday,en,1273,,7
8,Outbound,Sunday,en,1273,,7
8,Outbound,Weekday,en,1109,,8
8,Outbound,Saturday,en,1109,,8
8,Outbound,Sunday,en,1109,,8
8,Outbound,Weekday,en,9448,,9
8,Outbound,Saturday,en,9448,,9
8,Outbound,Sunday,en,9448,,9
89,Inbound,Weekday,en,10039,,10
89,Inbound,Saturday,en,10039,,10
89,Inbound,Sunday,en,10039,,10
89,Inbound,Weekday,en,10086,,20
89,Inbound,Saturday,en,10086,,20
89,Inbound,Sunday,en,10086,,20
89,Inbound,Weekday,en,9789,,30
89,Inbound,Saturday,en,9789,,30
89,Inbound,Sunday,en,9789,,30
89,Inbound,Weekday,en,1166,,40
89,Inbound,Saturday,en,1166,,40
89,Inbound,Sunday,en,1166,,40
89,Inbound,Weekday,en,1183,,50
89,Inbound,Saturday,en,1183,,50
89,Inbound,Sunday,en,1183,,50
89,Inbound,Weekday,en,9971,,60
89,Inbound,Saturday,en,9971,,60
89,Inbound,Sunday,en,9971,,60
89,Outbound,Weekday,en,9971,,10
89,Outbound,Saturday,en,9971,,10
89,Outbound,Sunday,en,9971,,10
89,Outbound,Weekday,en,1182,,20
89,Outbound,Saturday,en,1182,,20
89,Outbound,Sunday,en,1182,,20
89,Outbound,Weekday,en,1167,,30
89,Outbound,Saturday,en,1167,,30
89,Outbound,Sunday,en,1167,,30
89,Outbound,Weekday,en,8782,,40
89,Outbound,Saturday,en,8782,,40
89,Outbound,Sunday,en,8782,,40
89,Outbound,Weekday,en,9793,,50
89,Outbound,Saturday,en,9793,,50
89,Outbound,Sunday,en,9793,,50
89,Outbound,Weekday,en,10039,,60
89,Outbound,Saturday,en,10039,,60
89,Outbound,Sunday,en,10039,,60
9,Inbound,Weekday,en,5148,,1
9,Inbound,Saturday,en,5148,,1
9,Inbound,Sunday,en,5148,,1
9,Inbound,Weekday,en,7191,,2
9,Inbound,Saturday,en,7191,,2
9,Inbound,Sunday,en,7191,,2
9,Inbound,Weekday,en,629,,3
9,Inbound,Saturday,en,629,,3
9,Inbound,Sunday,en,629,,3
9,Inbound,Weekday,en,12374,,4
9,Inbound,Saturday,en,12374,,4
9,Inbound,Sunday,en,12374,,4
9,Inbound,Weekday,en,7631,,5
9,Inbound,Saturday,en,7631,,5
9,Inbound,Sunday,en,7631,,5
9,Outbound,Weekday,en,7767,,1
9,Outbound,Saturday,en,7767,,1
9,Outbound,Sunday,en,7767,,1
9,Outbound,Weekday,en,611,,3
9,Outbound,Saturday,en,611,,3
9,Outbound,Sunday,en,611,,3
9,Outbound,Weekday,en,6216,,4
9,Outbound,Saturday,en,6216,,4
9,Outbound,Sunday,en,6216,,4
9,Outbound,Weekday,en,7190,,5
9,Outbound,Saturday,en,7190,,5
9,Outbound,Sunday,en,7190,,5
9,Outbound,Weekday,en,5148,,6
9,Outbound,Saturday,en,5148,,6
9,Outbound,Sunday,en,5148,,6
90,Inbound,Weekday,en,10579,,10
90,Inbound,Saturday,en,10579,,10
90,Inbound,Sunday,en,10579,,10
90,Inbound,Weekday,en,10573,,30
90,Inbound,Saturday,en,10573,,30
90,Inbound,Sunday,en,10573,,30
90,Inbound,Weekday,en,8370,,40
90,Inbound,Saturday,en,8370,,40
90,Inbound,Sunday,en,8370,,40
90,Inbound,Weekday,en,8373,,50
90,Inbound,Saturday,en,8373,,50
90,Inbound,Sunday,en,8373,,50
90,Inbound,Weekday,en,8377,,70
90,Inbound,Saturday,en,8377,,70
90,Inbound,Sunday,en,8377,,70
90,Inbound,Weekday,en,8378,,80
90,Inbound,Saturday,en,8378,,80
90,Inbound,Sunday,en,8378,,80
90,Inbound,Weekday,en,8383,,90
90,Inbound,Saturday,en,8383,,90
90,Inbound,Sunday,en,8383,,90
90,Inbound,Weekday,en,10117,,100
90,Inbound,Saturday,en,10117,,100
90,Inbound,Sunday,en,10117,,100
90,Inbound,Weekday,en,10121,,110
90,Inbound,Saturday,en,10121,,110
90,Inbound,Sunday,en,10121,,110
90,Inbound,Weekday,en,9624,,120
90,Inbound,Saturday,en,9624,,120
90,Inbound,Sunday,en,9624,,120
90,Inbound,Weekday,en,9818,,130
90,Inbound,Saturday,en,9818,,130
90,Inbound,Sunday,en,9818,,130
90,Inbound,Weekday,en,9827,,150
90,Inbound,Saturday,en,9827,,150
90,Inbound,Sunday,en,9827,,150
90,Inbound,Weekday,en,9829,,160
90,Inbound,Saturday,en,9829,,160
90,Inbound,Sunday,en,9829,,160
90,Outbound,Weekday,en,9830,,10
90,Outbound,Saturday,en,9830,,10
90,Outbound,Sunday,en,9830,,10
90,Outbound,Weekday,en,9828,,30
90,Outbound,Saturday,en,9828,,30
90,Outbound,Sunday,en,9828,,30
90,Outbound,Weekday,en,9821,,33
90,Outbound,Saturday,en,9821,,33
90,Outbound,Sunday,en,9821,,33
90,Outbound,Weekday,en,9969,,36
90,Outbound,Saturday,en,9969,,36
90,Outbound,Sunday,en,9969,,36
90,Outbound,Weekday,en,10120,,38
90,Outbound,Saturday,en,10120,,38
90,Outbound,Sunday,en,10120,,38
90,Outbound,Weekday,en,10118,,39
90,Outbound,Saturday,en,10118,,39
90,Outbound,Sunday,en,10118,,39
90,Outbound,Weekday,en,8334,,40
90,Outbound,Saturday,en,8334,,40
90,Outbound,Sunday,en,8334,,40
90,Outbound,Weekday,en,8339,,45
90,Outbound,Saturday,en,8339,,45
90,Outbound,Sunday,en,8339,,45
90,Outbound,Weekday,en,8340,,50
90,Outbound,Saturday,en,8340,,50
90,Outbound,Sunday,en,8340,,50
90,Outbound,Weekday,en,8344,,55
90,Outbound,Saturday,en,8344,,55
90,Outbound,Sunday,en,8344,,55
90,Outbound,Weekday,en,8347,,90
90,Outbound,Saturday,en,8347,,90
90,Outbound,Sunday,en,8347,,90
90,Outbound,Weekday,en,10572,,100
90,Outbound,Saturday,en,10572,,100
90,Outbound,Sunday,en,10572,,100
90,Outbound,Weekday,en,10579,,120
90,Outbound,Saturday,en,10579,,120
90,Outbound,Sunday,en,10579,,120
